path,size_bytes,lines
main.py,12869,342
analysis/edge_discovery.py,32817,807
backtest/archive_reader.py,22903,553
backtest/engine_v2.py,25846,641
backtest/metrics.py,7376,232
backtest/replay_engine.py,35734,826
backtest/replay_engine_v3.py,4893,127
backtest/slippage_model.py,8842,234
backtest/walk_forward.py,8681,246
backtest/__init__.py,183,7
backtest/analytics/charts.py,7516,238
backtest/analytics/comparator.py,5360,157
backtest/analytics/reporter.py,11874,353
backtest/analytics/__init__.py,332,9
backtest/data_sources/binance_hist.py,13554,383
backtest/data_sources/cache.py,15400,384
backtest/data_sources/collector.py,12019,319
backtest/data_sources/gamma_hist.py,18340,492
backtest/data_sources/polybacktest.py,12102,333
backtest/data_sources/__init__.py,436,12
backtest/simulation/fee_model_v3.py,5125,122
backtest/simulation/fill_model.py,22735,531
backtest/simulation/portfolio.py,7798,234
backtest/simulation/__init__.py,866,20
backtest/strategies/base.py,8579,256
backtest/strategies/bonding_yield.py,4786,132
backtest/strategies/calibration_arb.py,3620,98
backtest/strategies/composite.py,6096,145
backtest/strategies/cross_coin.py,3962,102
backtest/strategies/fade_rip.py,3374,90
backtest/strategies/funding_rate.py,2716,77
backtest/strategies/hour_edge.py,3453,103
backtest/strategies/late_convergence.py,5395,139
backtest/strategies/live_adapter.py,9482,254
backtest/strategies/opening_breakout.py,2556,74
backtest/strategies/orderbook_imbalance.py,4074,99
backtest/strategies/streak_reversal.py,4399,126
backtest/strategies/taker_flow.py,3134,87
backtest/strategies/__init__.py,1458,26
calibration/coherence.py,8150,224
calibration/ev_threshold.py,8047,236
calibration/surface_2d.py,23859,609
calibration/__init__.py,34,1
config/env_whitelist.py,13210,307
config/settings.py,10741,139
config/validator.py,5057,150
core/ai_brain.py,100820,1908
core/allowance_preflight.py,10709,288
core/autopilot.py,14137,270
core/auto_optimizer.py,42593,814
core/bg_task.py,12775,309
core/changelog.py,9223,203
core/circuit_breaker.py,4214,126
core/decision_explainer.py,11454,295
core/engine.py,65740,1196
core/engine_fills.py,26064,519
core/engine_monitor.py,17244,339
core/engine_settlement.py,32364,640
core/engine_signals.py,93902,1771
core/engine_support.py,6858,175
core/ev_tracker.py,8144,231
core/experiment_runner.py,11190,286
core/fees_v2.py,7112,166
core/indicators.py,2564,75
core/intent_parser.py,18400,508
core/keepalive.py,19231,381
core/kelly.py,12766,300
core/kill_switch.py,2594,76
core/live_trader.py,37624,760
core/micro_weight_tracker.py,8734,203
core/portfolio_kill_switch.py,11693,319
core/regime.py,7747,199
core/risk_manager.py,36301,733
core/signal_fusion.py,29577,650
core/stats_utils.py,2419,63
core/strategy_lifecycle.py,18093,414
core/strategy_plugins.py,55631,1368
core/strategy_selector.py,6701,171
core/strategy_suggester.py,25715,549
core/trade_journal.py,10578,269
core/trade_memory.py,16569,415
core/calibration/fill_heuristic_recalibrate.py,8423,237
core/calibration/__init__.py,80,1
core/observability/rest_timing.py,6316,190
core/observability/__init__.py,3880,109
core/signals/whale_flow.py,6512,187
core/signals/__init__.py,184,8
data/binance_multistream.py,13825,346
data/candle_collector.py,19933,500
data/chainlink_oracle.py,7830,196
data/event_monitor.py,6225,160
data/external_feed.py,9199,229
data/market_recorder.py,35184,841
data/market_scanner.py,13716,283
data/odds_feed.py,3844,101
data/polymarket_actions.py,12600,272
data/polymarket_client.py,21716,518
data/polymarket_portfolio.py,18281,435
data/polymarket_rtds.py,11590,299
data/websocket_client.py,20711,470
data_feeds/news_scanner.py,15269,433
data_feeds/__init__.py,51,1
db/database.py,31165,592
db/migrations.py,16650,410
db/migration_phase79.py,2925,80
db/models.py,7086,210
db/ro_connect.py,14039,335
indicators/technical.py,13151,370
indicators/__init__.py,0,0
scripts/apply_t4_8_bot_register.py,3233,101
scripts/audit_strategy_pnl.py,8275,223
scripts/backfill_ob_trades.py,9075,244
scripts/backup_offsite.py,5050,150
scripts/bare_except_check.py,7889,207
scripts/bench_discovery_plan.py,0,0
scripts/calibrate_slippage.py,11377,343
scripts/check_exc_leak.py,5715,167
scripts/classic_threshold_update.py,2887,101
scripts/create_late_convergence_strategy.py,5094,142
scripts/ensure_hot_indexes.py,10046,281
scripts/faz0_2_drift_check.py,10589,306
scripts/gen_env_reference.py,10337,278
scripts/phase51_html_sweep.py,6687,203
scripts/reactivate_strategies.py,2805,79
scripts/reset_phase62.py,13781,357
scripts/reset_strategies_20.py,14398,354
scripts/rollback_sprint_2_1.py,6221,195
scripts/smoke_hotfix_v6.py,3564,102
scripts/smoke_sprint6_env_toggle.py,7711,198
scripts/smoke_unified_phase82e_final.py,0,0
scripts/smoke_ws_stale_threshold.py,3309,95
scripts/strategy_cleanup_phase79.py,6394,200
scripts/strategy_pruning_analysis.py,11738,323
scripts/sweep_fill_heuristic.py,9869,263
scripts/t11_2_g4_divergence_probe.py,8784,239
scripts/t11_2_g5_wr_kill_historical.py,6687,184
scripts/t11_3_s4_trade_count.py,1630,67
scripts/tail_errors.py,1618,60
scripts/trigger_pnl_divergence.py,13631,320
scripts/verify_db_health.py,6734,192
scripts/verify_migration_v15.py,0,0
scripts/verify_phase82e_markers.py,0,0
scripts/watch_classic_fire.py,2534,96
scripts/_create_opening_breakout_strategy.py,5781,159
scripts/_probe_trade_producing_strategies.py,4363,121
scripts/_t118b_a4_bulk_annotate.py,3232,103
scripts/_t47b_compute_p50.py,3387,98
skills/ema_skill.py,3030,119
skills/orderbook_skill.py,3515,133
skills/volatility_skill.py,3147,116
skills/__init__.py,613,15
telegram_bot/banners.py,3148,94
telegram_bot/bot.py,61486,1121
telegram_bot/hub_keyboard.py,2935,63
telegram_bot/version.py,442,9
telegram_bot/handlers/ai_handler.py,33742,781
telegram_bot/handlers/archive_info_handler.py,5235,139
telegram_bot/handlers/backtest_v2.py,57427,1470
telegram_bot/handlers/brier_handler.py,1845,54
telegram_bot/handlers/changelog_handler.py,9349,260
telegram_bot/handlers/dashboard.py,25172,558
telegram_bot/handlers/diagnose_handler.py,17147,443
telegram_bot/handlers/env_toggle.py,13049,283
telegram_bot/handlers/ev_stats_handler.py,6126,179
telegram_bot/handlers/filters_handler.py,17067,490
telegram_bot/handlers/force_settle_handler.py,11550,281
telegram_bot/handlers/lifecycle_handler.py,3797,103
telegram_bot/handlers/live_guards_handler.py,12976,274
telegram_bot/handlers/live_handler.py,17172,371
telegram_bot/handlers/markets.py,13248,318
telegram_bot/handlers/menu_handler.py,23230,486
telegram_bot/handlers/mode_handler.py,4884,142
telegram_bot/handlers/order_validator.py,8241,277
telegram_bot/handlers/phase77_handler.py,15729,389
telegram_bot/handlers/portfolio_handler.py,19772,528
telegram_bot/handlers/positions.py,5406,120
telegram_bot/handlers/rest_timing_handler.py,4512,129
telegram_bot/handlers/risk_handler.py,21587,517
telegram_bot/handlers/roadmap_handler.py,10895,238
telegram_bot/handlers/settings_handler.py,15225,358
telegram_bot/handlers/start.py,15666,385
telegram_bot/handlers/stats.py,44108,983
telegram_bot/handlers/strategies.py,80752,1794
telegram_bot/handlers/strategy_builder.py,32174,749
telegram_bot/handlers/strategy_report.py,7474,203
telegram_bot/handlers/strategy_tester.py,14706,433
telegram_bot/handlers/_exc_render.py,3151,95
telegram_bot/jobs/auto_promote_job.py,6984,188
telegram_bot/jobs/db_retention_job.py,15544,384
telegram_bot/jobs/maintenance_jobs.py,14172,304
telegram_bot/jobs/pattern_discovery_job.py,10112,231
telegram_bot/jobs/pnl_divergence_job.py,7514,171
telegram_bot/jobs/polymarket_portfolio_job.py,4706,123
telegram_bot/jobs/shadow_report_job.py,17565,440
telegram_bot/jobs/shadow_vs_paper_job.py,6217,162
telegram_bot/jobs/__init__.py,0,0
telegram_bot/templates/callback_proxy.py,2248,58
telegram_bot/templates/errors.py,2309,57
telegram_bot/templates/mode_banner.py,3896,98
telegram_bot/templates/safe_html.py,2480,76
telegram_bot/templates/__init__.py,223,3
tests/conftest.py,457,15
tests/smoke_phase49.py,16856,405
tests/test_backfill_creds.py,3108,107
tests/test_phase55_critical.py,25754,776
tests/test_phase56_engine.py,21705,532
tests/test_phase77.py,18915,482
tests/test_phase82_metadata.py,11994,316
tests/test_risk_limits_roundtrip.py,15035,381
tests/__init__.py,0,0
tests/integration/conftest.py,703,19
tests/integration/test_engine_boot_smoke.py,7669,196
tests/integration/test_paper_shadow_divergence.py,9039,224
tests/integration/test_ws_reconnect_smoke.py,10250,232
tests/integration/__init__.py,0,0
tests/unit/test_ai_brain_ratelimit.py,7476,172
tests/unit/test_atomic_deduct.py,5585,154
tests/unit/test_auto_optimizer_helpers.py,8651,194
tests/unit/test_bare_except_guard.py,5843,196
tests/unit/test_bg_task_ref_capture.py,6338,199
tests/unit/test_boot_sibling_sync.py,7417,173
tests/unit/test_brain_flags_parity.py,12507,276
tests/unit/test_callback_admin_gate.py,5716,145
tests/unit/test_circuit_breaker.py,7436,233
tests/unit/test_daily_snapshot_atomic.py,8429,247
tests/unit/test_diagnose_halt_text.py,3122,84
tests/unit/test_engine_fills.py,11561,281
tests/unit/test_engine_monitor.py,6655,160
tests/unit/test_engine_settlement_helpers.py,3169,82
tests/unit/test_engine_signals_helpers.py,8923,213
tests/unit/test_env_reference_gen.py,5442,164
tests/unit/test_error_templates.py,1375,37
tests/unit/test_ev_tracker.py,6418,154
tests/unit/test_exc_leak_guard.py,3793,123
tests/unit/test_exc_render_policy.py,3791,106
tests/unit/test_fees_v2.py,5959,156
tests/unit/test_fill_model_defaults.py,3798,94
tests/unit/test_indicators_and_stats.py,9138,226
tests/unit/test_kelly_mode_persistence.py,10072,234
tests/unit/test_kill_switch.py,4697,133
tests/unit/test_live_guards_command.py,10614,240
tests/unit/test_live_trader.py,17306,407
tests/unit/test_market_recorder_parity.py,9436,230
tests/unit/test_mode_banner.py,4137,121
tests/unit/test_pending_reserved.py,4782,125
tests/unit/test_phase66.py,7389,210
tests/unit/test_phase67.py,4294,124
tests/unit/test_phase68.py,7732,216
tests/unit/test_phase69.py,6077,194
tests/unit/test_phase70.py,15055,384
tests/unit/test_phase73.py,15902,390
tests/unit/test_pnl_pause_runtime.py,7272,163
tests/unit/test_regime.py,9532,252
tests/unit/test_regime_at_entry_write.py,4922,137
tests/unit/test_risk_manager.py,3667,104
tests/unit/test_rolling_wr_changelog_persist.py,10319,255
tests/unit/test_strategy_selector.py,7020,191
tests/unit/test_wal_checkpoint.py,6886,193
tests/unit/test_whale_signal.py,13054,403
tests/unit/test_whitelist_runtime_readiness.py,8906,188
tests/unit/test_ws_reconnect.py,9831,252
tests/unit/test_ws_subscribe_cap.py,12105,301
tests/unit/__init__.py,0,0
tools/diag_ai_f_loss.py,8284,214
utils/brier_tracker.py,10829,288
utils/champion_tracker.py,8164,229
utils/mc_simulation.py,16364,444
utils/reputation.py,5572,166
utils/__init__.py,0,0
